{"last_tab":"","logo":{"url":"https:\/\/www.radiustheme.com\/demo\/wordpress\/themes\/classima\/wp-content\/themes\/classima\/assets\/img\/logo-dark.png","id":"","height":"","width":"","thumbnail":"","title":"","caption":"","alt":"","description":""},"logo_light":{"url":"https:\/\/www.radiustheme.com\/demo\/wordpress\/themes\/classima\/wp-content\/themes\/classima\/assets\/img\/logo-light.png","id":"","height":"","width":"","thumbnail":"","title":"","caption":"","alt":"","description":""},"logo_width":"2","time_format":"1","preloader":"1","preloader_image":{"url":"","id":"","height":"","width":"","thumbnail":"","title":"","caption":"","alt":"","description":""},"container_width":"1200","back_to_top":"1","restrict_admin_area":"","phone":"+61383766284","email":"info@example.com","address":"","social_facebook":"#","social_twitter":"#","social_gplus":"#","social_linkedin":"#","social_youtube":"","social_pinterest":"","social_instagram":"","social_rss":"#","resmenu_width":"992","top_bar":"0","sticky_menu":"1","tr_header":"","header_style":"2","header_icon":"1","header_chat_icon":"1","header_btn_txt":"Post Your Ad","header_btn_txt_mob":"Post Ad","header_btn_url":"https:\/\/www.radiustheme.com\/demo\/wordpress\/themes\/classima\/post-an-ad\/","banner":"1","breadcrumb":"1","banner_search":"0","bgtype":"bgimg","bgimg":{"url":"https:\/\/www.radiustheme.com\/demo\/wordpress\/themes\/classima\/wp-content\/uploads\/2019\/10\/home-big-banner2.jpg","id":"1680","height":"691","width":"1920","thumbnail":"https:\/\/www.radiustheme.com\/demo\/wordpress\/themes\/classima\/wp-content\/uploads\/2019\/10\/home-big-banner2-150x150.jpg","title":"home-big-banner2","caption":"","alt":"","description":""},"bgcolor":"#606060","bgopacity":"50","copyright_area":"1","copyright_text":"&copy; Copyright Classima 2020. Designed and Developed by <a target=\"_blank\" href=\"https:\/\/www.radiustheme.com\">RadiusTheme<\/a>","payment_icons":"1","payment_img":"","primary_color":"#f85c70","secondary_color":"#e43d40","sitewide_color":"primary","top_bar_bgcolor":"#1e3148","menu_color":"#2a2a2a","menu_hover_color":"#f85c70","submenu_color":"#444444","submenu_hover_color":"#ffffff","submenu_hover_bgcolor":"#f85c70","breadcrumb_link_color":"#ffffff","breadcrumb_link_hover_color":"#f85c70","breadcrumb_active_color":"#cacaca","breadcrumb_seperator_color":"#ffffff","footer_bgcolor":"#1a1a1a","footer_title_color":"#ffffff","footer_color":"#a5a5a5","footer_link_color":"#a5a5a5","footer_link_hover_color":"#f85c70","copyright_bgcolor":"#111212","copyright_color":"#ababab","typo_body":{"font-family":"Roboto","font-options":"","google":"1","font-weight":"400","font-style":"","font-size":"16px","line-height":"28px"},"typo_h1":{"font-family":"Nunito","font-options":"","google":"1","font-weight":"700","font-style":"","font-size":"36px","line-height":"40px"},"typo_h2":{"font-family":"Nunito","font-options":"","google":"1","font-weight":"700","font-style":"","font-size":"28px","line-height":"34px"},"typo_h3":{"font-family":"Nunito","font-options":"","google":"1","font-weight":"700","font-style":"","font-size":"22px","line-height":"28px"},"typo_h4":{"font-family":"Nunito","font-options":"","google":"1","font-weight":"700","font-style":"","font-size":"20px","line-height":"28px"},"typo_h5":{"font-family":"Nunito","font-options":"","google":"1","font-weight":"700","font-style":"","font-size":"18px","line-height":"26px"},"typo_h6":{"font-family":"Nunito","font-options":"","google":"1","font-weight":"700","font-style":"","font-size":"16px","line-height":"28px"},"menu_typo":{"font-family":"Roboto","font-options":"","google":"1","font-weight":"500","font-style":"","text-transform":"capitalize","font-size":"15px","line-height":"26px"},"submenu_typo":{"font-family":"Roboto","font-options":"","google":"1","font-weight":"400","font-style":"","text-transform":"none","font-size":"14px","line-height":"24px"},"resmenu_typo":{"font-family":"Roboto","font-options":"","google":"1","font-weight":"400","font-style":"","text-transform":"none","font-size":"16px","line-height":"24px"},"page_layout":"full-width","page_sidebar":"sidebar","page_tr_header":"default","page_top_bar":"default","page_header_style":"default","page_banner":"default","page_breadcrumb":"default","page_banner_search":"default","page_bgtype":"default","page_bgimg":{"url":"","id":"","height":"","width":"","thumbnail":"","title":"","caption":"","alt":"","description":""},"page_bgcolor":"","blog_layout":"right-sidebar","blog_sidebar":"sidebar","blog_tr_header":"default","blog_top_bar":"default","blog_header_style":"default","blog_banner":"default","blog_breadcrumb":"default","blog_banner_search":"default","blog_bgtype":"default","blog_bgimg":{"url":"","id":"","height":"","width":"","thumbnail":"","title":"","caption":"","alt":"","description":""},"blog_bgcolor":"","single_post_layout":"right-sidebar","single_post_sidebar":"sidebar","single_post_tr_header":"default","single_post_top_bar":"default","single_post_header_style":"default","single_post_banner":"default","single_post_breadcrumb":"default","single_post_banner_search":"default","single_post_bgtype":"default","single_post_bgimg":{"url":"","id":"","height":"","width":"","thumbnail":"","title":"","caption":"","alt":"","description":""},"single_post_bgcolor":"","search_layout":"right-sidebar","search_sidebar":"sidebar","search_tr_header":"default","search_top_bar":"default","search_header_style":"default","search_banner":"default","search_breadcrumb":"default","search_banner_search":"default","search_bgtype":"default","search_bgimg":{"url":"","id":"","height":"","width":"","thumbnail":"","title":"","caption":"","alt":"","description":""},"search_bgcolor":"","error_sidebar":"sidebar","error_tr_header":"default","error_top_bar":"default","error_header_style":"default","error_banner":"default","error_breadcrumb":"default","error_banner_search":"default","error_bgtype":"default","error_bgimg":{"url":"","id":"","height":"","width":"","thumbnail":"","title":"","caption":"","alt":"","description":""},"error_bgcolor":"","listing_archive_layout":"left-sidebar","listing_archive_sidebar":"sidebar","listing_archive_tr_header":"default","listing_archive_top_bar":"default","listing_archive_header_style":"default","listing_archive_banner":"default","listing_archive_breadcrumb":"default","listing_archive_banner_search":"on","listing_archive_bgtype":"default","listing_archive_bgimg":{"url":"","id":"","height":"","width":"","thumbnail":"","title":"","caption":"","alt":"","description":""},"listing_archive_bgcolor":"","listing_single_layout":"right-sidebar","listing_single_sidebar":"sidebar","listing_single_tr_header":"default","listing_single_top_bar":"default","listing_single_header_style":"default","listing_single_banner":"default","listing_single_breadcrumb":"default","listing_single_banner_search":"default","listing_single_bgtype":"default","listing_single_bgimg":{"url":"","id":"","height":"","width":"","thumbnail":"","title":"","caption":"","alt":"","description":""},"listing_single_bgcolor":"","listing_account_layout":"left-sidebar","listing_account_sidebar":"sidebar","listing_account_tr_header":"default","listing_account_top_bar":"default","listing_account_header_style":"default","listing_account_banner":"default","listing_account_breadcrumb":"default","listing_account_banner_search":"default","listing_account_bgtype":"default","listing_account_bgimg":{"url":"","id":"","height":"","width":"","thumbnail":"","title":"","caption":"","alt":"","description":""},"listing_account_bgcolor":"","blog_style":"style1","blog_date":"1","blog_author_name":"1","blog_comment_num":"1","blog_cats":"","post_date":"1","post_author_name":"1","post_cats":"1","post_comment_num":"1","post_tags":"1","post_social":"1","post_share":{"facebook":"1","twitter":"1","gplus":"1","linkedin":"1","pinterest":"1","tumblr":"","reddit":"","vk":""},"post_about_author":"1","listing_grid_style":"1","listing_list_style":"2","single_listing_style":"2","listing_related":"1","listing_related_style":"1","listing_search_items":{"location":"1","category":"1","type":"","keyword":"1"},"listing_search_style":"popup","error_bodybanner":{"url":"https:\/\/www.radiustheme.com\/demo\/wordpress\/themes\/classima\/wp-content\/themes\/classima\/assets\/img\/404.png","id":"","height":"","width":"","thumbnail":"","title":"","caption":"","alt":"","description":""},"error_text":"We can't find the page you're looking for","error_buttontext":"Go To Home Page","grid_desktop_column":"4","grid_tablet_column":"6","grid_mobile_column":"12","redux-backup":"1"}